{"cameraMode":{"drawMode":0,"name":"Shaded","section":"Shading Mode"},"sceneLighting":true,"audioPlay":false,"sceneViewState":{"showFog":true,"showMaterialUpdate":false,"showSkybox":true,"showFlares":true,"showImageEffects":true,"showParticleSystems":true},"in2DMode":false,"pivot":{"x":4.760000228881836,"y":3.8399999141693117,"z":-9.319999694824219},"rotation":{"x":0.16019026935100556,"y":-0.7541577219963074,"z":0.19971847534179688,"w":0.604784369468689},"size":0.07000461965799332,"orthographic":false}